"","V1"
"2021-01-04",0.00834727181178104
"2021-01-05",0.000783500971471683
"2021-01-06",-0.00463358286335773
"2021-01-07",0.000682498970704363
"2021-01-08",0.0174575925245417
"2021-01-11",0.00781995275043757
"2021-01-12",0.00563747734676667
"2021-01-13",0.00691717947652252
"2021-01-14",0.00661616018404081
"2021-01-15",-0.00609598140598399
"2021-01-18",-0.0112616629231276
"2021-01-19",0.0154645950001836
"2021-01-20",0.0110175628771646
"2021-01-21",-0.00759155281343055
"2021-01-22",-0.00987427131503572
"2021-01-25",-0.00584853399431248
"2021-01-27",-0.014660990812722
"2021-01-28",-0.0147529451321486
"2021-01-29",-0.0119799030023063
"2021-02-01",0.0439838632027774
"2021-02-02",0.0243633479302368
"2021-02-03",0.00714473740458351
"2021-02-04",0.00669140563286216
"2021-02-05",-0.0045150438705699
"2021-02-08",0.012948682336602
"2021-02-09",-0.0011782664489259
"2021-02-10",-0.00262954885168934
"2021-02-11",0.00770977065523814
"2021-02-12",-0.00308944521612311
"2021-02-15",0.00678484029977741
"2021-02-16",0.000219870752448476
"2021-02-17",-0.00514540194352779
"2021-02-18",-0.00551823365398822
"2021-02-19",-0.00882437609345403
"2021-02-22",-0.017508882876844
"2021-02-23",0.00188816851069609
"2021-02-24",0.0120468505654026
"2021-02-25",0.00809171140590397
"2021-02-26",-0.0305408808015509
"2021-03-01",0.0103320378730153
"2021-03-02",0.0174834892990218
"2021-03-03",0.0151559148991222
"2021-03-04",-0.00635324176441195
"2021-03-05",-0.00593782424112548
"2021-03-08",0.00204198657985008
"2021-03-09",0.00680199998488038
"2021-03-10",0.00431830609457382
"2021-03-12",-0.0113376682443235
"2021-03-15",-0.00726373046047861
"2021-03-16",0.00151574372133287
"2021-03-17",-0.0119737995557444
"2021-03-18",-0.00811297107236669
"2021-03-19",0.0118553526681121
"2021-03-22",0.0072370247251699
"2021-03-23",0.00600915449567439
"2021-03-24",-0.0184399615035456
"2021-03-25",-0.0191473423547133
"2021-03-26",0.0131789788053149
"2021-03-30",0.0212485325011721
"2021-03-31",-0.00526587359242586
"2021-04-01",0.0110248664900447
"2021-04-05",-0.00945981939369189
"2021-04-06",0.0126525493860606
"2021-04-07",0.00562731982497448
"2021-04-08",0.00139115449684782
"2021-04-09",0.00186936439527661
"2021-04-12",-0.0375516288139533
"2021-04-13",0.00941671968383422
"2021-04-15",0.00624843665051282
"2021-04-16",-0.000821421960312004
"2021-04-19",-0.0167475117596723
"2021-04-20",-0.000484952537181393
"2021-04-22",0.00549506927683243
"2021-04-23",-0.00842747964041955
"2021-04-26",0.00761294658898394
"2021-04-27",0.0128108598823399
"2021-04-28",0.0084989446309786
"2021-04-29",-0.00125589239339474
"2021-04-30",-0.0159636614244902
"2021-05-03",0.00884043479706756
"2021-05-04",-0.0090496096754119
"2021-05-05",0.0087709424263901
"2021-05-06",0.00387220891000411
"2021-05-07",0.00765500085725178
"2021-05-10",0.00791791717119419
"2021-05-11",-0.00470697171829127
"2021-05-12",-0.00886979646381763
"2021-05-14",0.00169154651596386
"2021-05-17",0.00761429333647688
"2021-05-18",0.00849354972815653
"2021-05-19",-0.00484111771651158
"2021-05-20",-0.00812222326725504
"2021-05-21",0.0145575884434976
"2021-05-24",0.00164184262136042
"2021-05-25",0.00104944106070719
"2021-05-26",0.0070579503924497
"2021-05-27",-0.00177642284871753
"2021-05-28",0.00429028179740921
"2021-05-31",0.01030033991538
"2021-06-01",0.00167513037880057
"2021-06-02",-0.000396329773950923
"2021-06-03",0.00675632648510592
"2021-06-04",-0.00149791451778717
"2021-06-07",0.0113556153197153
"2021-06-08",0.00309887822753194
"2021-06-09",-0.00941093241798363
"2021-06-10",0.003988807961602
"2021-06-11",0.00162914646940704
"2021-06-14",-0.00571391627331514
"2021-06-15",0.00222071943231806
"2021-06-16",-0.0100506207199864
"2021-06-17",-0.0110510051299163
"2021-06-18",0.00991652497882765
"2021-06-21",0.00495897471738514
"2021-06-22",0.00660007131856923
"2021-06-23",-0.00622183122748936
"2021-06-24",0.00759676619821417
"2021-06-25",0.00553246388374342
"2021-06-28",-0.00306411145785057
"2021-06-29",-0.00343211362867427
"2021-06-30",-0.00166739049043992
"2021-07-01",-0.00113234086467842
"2021-07-02",0.00258192032908216
"2021-07-05",0.00525005671900754
"2021-07-06",-0.00345549012203603
"2021-07-07",0.00357700623912494
"2021-07-08",-0.0104173831758276
"2021-07-09",0.000437323480467877
"2021-07-12",-0.002431016137867
"2021-07-13",0.00412676022804595
"2021-07-14",0.00195341696695234
"2021-07-15",0.00472174595826377
"2021-07-16",0.00194272595093927
"2021-07-19",-0.00932858170996539
"2021-07-20",-0.00589257893159707
"2021-07-22",0.0143069187649988
"2021-07-23",0.0011248983672829
"2021-07-26",-0.00269286566041833
"2021-07-27",-0.00625962341731738
"2021-07-28",0.00409649461390805
"2021-07-29",-0.0012569962082394
"2021-07-30",0.00715091979266091
"2021-08-02",0.00919065988749437
"2021-08-03",0.0167140663732664
"2021-08-04",-0.000781581698496042
"2021-08-05",0.00663282651400021
"2021-08-06",0.00192728868421294
"2021-08-09",-0.000918612335198623
"2021-08-10",0.00120185359171582
"2021-08-11",-0.00123833218316376
"2021-08-12",0.00477718720635275
"2021-08-13",0.0125311485567758
"2021-08-16",-0.00104039081462235
"2021-08-17",0.00115521200039914
"2021-08-18",-0.00144046761719067
"2021-08-20",-0.00493241786269244
"2021-08-23",0.000837733848142878
"2021-08-24",0.00785651611865534
"2021-08-25",0.00266171220153719
"2021-08-26",-0.00375042868026111
"2021-08-27",0.00616655351832562
"2021-08-30",0.0133634519516123
"2021-08-31",0.0155460333150446
"2021-09-01",-0.003828421350792
"2021-09-02",0.00887952004735286
"2021-09-03",0.00281626427269816
"2021-09-06",0.000459524862581791
"2021-09-07",-0.00118600531522087
"2021-09-08",-0.00182259392588287
"2021-09-09",0.00336294512680047
"2021-09-13",-0.00122491109711897
"2021-09-14",0.00302746108992697
"2021-09-15",0.0101648331591431
"2021-09-16",0.00802611399906587
"2021-09-17",-0.00390004266007964
"2021-09-20",-0.00428325498916801
"2021-09-21",0.00553366236942465
"2021-09-22",-0.000987772841004653
"2021-09-23",0.0106791753223567
"2021-09-24",0.00240671460247801
"2021-09-27",0.00311704258971323
"2021-09-28",-0.00689690022533976
"2021-09-29",-0.000367272626408686
"2021-09-30",-0.00444742770667405
"2021-10-01",-0.00649330536137759
"2021-10-04",0.00697849629365982
"2021-10-05",0.00601585915108339
"2021-10-06",-0.0117432924279378
"2021-10-07",0.0126130158975826
"2021-10-08",0.00471539815791071
"2021-10-11",0.000623361763066525
"2021-10-12",-0.000100697537241484
"2021-10-13",0.00813392213514729
"2021-10-14",0.0138949139404459
"2021-10-18",0.00842329768774293
"2021-10-19",-0.00565236320590286
"2021-10-20",-0.00547763545389883
"2021-10-21",-0.00991149909549113
"2021-10-22",-0.00919108911285468
"2021-10-25",0.00179961256219263
"2021-10-26",0.00320442893937853
"2021-10-27",0.00125714163305881
"2021-10-28",-0.0229483253462333
"2021-10-29",-0.00729380525025145
"2021-11-01",0.0160863394644089
"2021-11-02",0.00175232114901617
"2021-11-03",-0.00540270921247255
"2021-11-04",0.00595015070639747
"2021-11-08",0.00637315321113662
"2021-11-09",0.000872318123324426
"2021-11-10",0.00174557577730016
"2021-11-11",-0.00679801851765274
"2021-11-12",0.0134474936484963
"2021-11-15",0.002320403058599
"2021-11-16",-0.000684448056407975
"2021-11-17",-0.00405387882339071
"2021-11-18",-0.00670117713611996
"2021-11-22",-0.0143786775387946
"2021-11-23",0.00627457808564198
"2021-11-24",-0.00449945813244183
"2021-11-25",0.00564909845690503
"2021-11-26",-0.0295883816716031
"2021-11-29",-0.00251681602517841
"2021-11-30",-0.00550037903472801
"2021-12-01",0.011597050421363
"2021-12-02",0.014867083957212
"2021-12-03",-0.011460435257149
"2021-12-06",-0.0183378310323278
"2021-12-07",0.0141355959915347
"2021-12-08",0.0197444226178742
"2021-12-09",0.00716494897076381
"2021-12-10",0.000128257115444628
"2021-12-13",-0.00686320752785203
"2021-12-14",-0.00349960036035687
"2021-12-15",-0.00384942248778519
"2021-12-16",-0.00219733487471691
"2021-12-17",-0.0141506337844891
"2021-12-20",-0.0156885388282845
"2021-12-21",0.0125459487101401
"2021-12-22",0.011863960058431
"2021-12-23",0.00453402357787886
"2021-12-24",-0.00352658898873985
"2021-12-27",0.00314544813717567
"2021-12-28",0.00899828014340692
"2021-12-29",-0.000286036769693715
"2021-12-30",-0.000597057884040344
"2021-12-31",0.00821788384894122
"2022-01-03",0.0132029468344114
"2022-01-04",0.00834750476593102
"2022-01-05",0.0055961102226075
"2022-01-06",-0.00821824329268497
"2022-01-07",0.00197631721476948
"2022-01-10",0.0107068443382391
"2022-01-11",0.00521011182177812
"2022-01-12",0.00770849854646928
"2022-01-13",0.0061529057459361
"2022-01-14",0.00145359839554285
"2022-01-17",0.00530933014366664
"2022-01-18",-0.013128333723868
"2022-01-19",-0.011174792080502
"2022-01-20",-0.00960841340316756
"2022-01-21",-0.00523862746748265
"2022-01-24",-0.0207267995550038
"2022-01-25",0.013289723913036
"2022-01-27",-0.0073681925901573
"2022-01-28",-0.000539616531807766
"2022-01-31",0.0120344971575334
"2022-02-01",0.0206087676434319
"2022-02-02",0.00686725604849887
"2022-02-03",-0.00938675347247979
"2022-02-04",-0.000141490492177025
"2022-02-07",-0.0174285567784269
"2022-02-08",0.0033669421566138
"2022-02-09",0.0124986196275869
"2022-02-10",0.00466009759455941
"2022-02-11",-0.0119458219261308
"2022-02-14",-0.0269736504612427
"2022-02-15",0.0289863140594595
"2022-02-16",-0.00042873085175027
"2022-02-17",-0.00309130695246183
"2022-02-18",-0.00167726702129424
"2022-02-21",-0.00671432841227274
"2022-02-22",-0.00874910306699981
"2022-02-23",-0.00199920427800857
"2022-02-24",-0.0457047891380871
"2022-02-25",0.0228538553228
"2022-02-28",0.00901353551067711
"2022-03-02",-0.0166096785020953
"2022-03-03",-0.00718343060388169
"2022-03-04",-0.0121390451746084
"2022-03-07",-0.0230915406528809
"2022-03-08",0.0142569657845022
"2022-03-09",0.0225196399938544
"2022-03-10",0.0162609082316303
"2022-03-11",0.0026437194109471
"2022-03-14",0.0126286623725697
"2022-03-15",-0.00725033755204338
"2022-03-16",0.0133145796276989
"2022-03-17",0.0158807534373005
"2022-03-21",-0.00785328839227801
"2022-03-22",0.00943551457435666
"2022-03-23",-0.0059374689185227
"2022-03-24",-0.000395458592909181
"2022-03-25",-0.00478750129233789
"2022-03-28",0.0069742065973092
"2022-03-29",0.00826392270887415
"2022-03-30",0.00886707937886782
"2022-03-31",0.000647658011757655
"2022-04-01",0.00939400828166603
"2022-04-04",0.0204298404418771
"2022-04-05",0.00106042375348564
"2022-04-06",-0.00418409947218071
"2022-04-07",-0.0116338872189168
"2022-04-08",0.00736761520041856
"2022-04-11",-0.00444255557335468
"2022-04-12",-0.0086455068349564
"2022-04-13",-0.000319656613690859
"2022-04-18",-0.0144056838061832
"2022-04-19",-0.0151376975425207
"2022-04-20",0.0115660120297909
"2022-04-21",0.0159855146150535
"2022-04-22",-0.00775445152393902
"2022-04-25",-0.0117498230288077
"2022-04-26",0.017671217824588
"2022-04-27",-0.00941006823098936
"2022-04-28",0.013362837712002
"2022-04-29",-0.00904989333666898
"2022-05-02",-0.00174092095465581
"2022-05-04",-0.0256246384881912
"2022-05-05",0.000397242670985324
"2022-05-06",-0.00998747830645877
"2022-05-09",-0.00575484553565871
"2022-05-10",-0.00196685424719958
"2022-05-11",-0.00862052282765281
"2022-05-12",-0.0202000733738931
"2022-05-13",0.00113313181991013
"2022-05-16",0.00289060442829467
"2022-05-17",0.0279708427809949
"2022-05-18",0.0016165717319424
"2022-05-19",-0.022906335593698
"2022-05-20",0.0293392409253586
"2022-05-23",0.00431931144838133
"2022-05-24",-0.00915205769736447
"2022-05-25",-0.00935118894578269
"2022-05-26",0.00372067430940404
"2022-05-27",0.0109723347059156
"2022-05-30",0.0196934318892123
"2022-05-31",-0.00397886240806724
"2022-06-01",-0.00614263199177809
"2022-06-02",0.0077477163342762
"2022-06-03",-0.0011183774819168
"2022-06-06",-0.00106349250662021
"2022-06-07",-0.0109011163980733
"2022-06-08",-0.00635803818702522
"2022-06-09",0.0101409860400218
"2022-06-10",-0.0125860541424857
"2022-06-13",-0.0235969365588143
"2022-06-14",-0.000578035483682802
"2022-06-15",-0.00220206237694805
"2022-06-16",-0.0166476153588727
"2022-06-17",-0.00868500546424752
"2022-06-20",0.00520910727445285
"2022-06-21",0.0196091708142736
"2022-06-22",-0.0119832204135931
"2022-06-23",0.0163565636561558
"2022-06-24",0.00870372016416892
"2022-06-27",0.0107334048874828
"2022-06-28",-0.000367678236640245
"2022-06-29",-0.00148264257288979
"2022-06-30",-0.00133712510973667
"2022-07-01",0.00068944581777805
"2022-07-04",0.00875781249448815
"2022-07-05",-0.00251200972942847
"2022-07-06",0.0128704511475464
"2022-07-07",0.00764933376938921
"2022-07-08",0.00910045112023115
"2022-07-11",-0.00611798358893521
"2022-07-12",-0.00802170085656581
"2022-07-13",-0.00544820271263468
"2022-07-14",0.000685407027361085
"2022-07-15",0.00973439190306752
"2022-07-18",0.0118129695497119
"2022-07-19",0.00350194373934419
"2022-07-20",0.00915252638914081
"2022-07-21",0.00636754378944662
"2022-07-22",0.00469404187073224
"2022-07-25",-0.00546338841338234
"2022-07-26",-0.00875768298788477
"2022-07-27",0.0118474826392126
"2022-07-28",0.00937603867591547
"2022-07-29",0.0130962169947629
"2022-08-01",0.00999993735779604
"2022-08-02",-9.04424129300752e-05
"2022-08-03",0.00115420420885765
"2022-08-04",0.00269650859857557
"2022-08-05",0.00273182828797589
"2022-08-08",0.00607811651893211
"2022-08-10",0.00154184511761167
"2022-08-11",0.00245803117073469
"2022-08-12",-0.00223990911194502
"2022-08-16",0.010291827463021
"2022-08-17",0.00637790551018942
"2022-08-18",0.0029051201301028
"2022-08-19",-0.00258468321557381
"2022-08-22",-0.0140213765152615
"2022-08-23",-0.000155740414268829
"2022-08-24",-0.000158584040451539
"2022-08-25",-0.00619635289841336
"2022-08-26",0.00219693756543513
"2022-08-29",-0.010170809704559
"2022-08-30",0.0222252309614435
"2022-09-01",-0.0129394561866465
"2022-09-02",0.00171763386195747
"2022-09-05",0.00815203214974393
"2022-09-06",0.000601036470482106
"2022-09-07",-0.000452439425347636
"2022-09-08",0.00969432763510893
"2022-09-09",0.00521517047619797
"2022-09-12",0.00645558710700755
"2022-09-13",0.00727160122431467
"2022-09-14",-0.00818203165190886
"2022-09-15",-0.00128385824286209
"2022-09-16",-0.0174903655775721
"2022-09-19",0.00718357470586478
"2022-09-20",0.00969199632196089
"2022-09-21",-0.00641039533783542
"2022-09-22",0.00212128313433631
"2022-09-23",-0.0115533203597878
"2022-09-26",-0.0209690710318692
"2022-09-27",-0.000918700342172674
"2022-09-28",-0.00551238876102907
"2022-09-29",-0.00146394690079088
"2022-09-30",0.0160872316735704
"2022-10-03",-0.0156546765115943
"2022-10-04",0.0229489153619839
"2022-10-06",0.0029811500367386
"2022-10-07",-0.00149780966801979
"2022-10-10",-0.00278385286943238
"2022-10-11",-0.0147385502334637
"2022-10-12",0.00696224956402172
"2022-10-13",-0.00718622873646095
"2022-10-14",0.00930558961144907
"2022-10-17",0.00592869535085554
"2022-10-18",0.0130484421574687
"2022-10-19",-0.000900851561456103
"2022-10-20",0.00524595679401205
"2022-10-21",-0.00249983166984488
"2022-10-24",0.00665516103711859
"2022-10-25",-0.000165434241671027
"2022-10-27",0.00784312839305473
"2022-10-28",0.00376150149561876
"2022-10-31",0.0132010318869046
"2022-11-01",0.00793958461615023
"2022-11-02",-0.00575941220651877
"2022-11-03",-0.000860625096617486
"2022-11-04",0.00134451877173355
"2022-11-07",0.00247042391413512
"2022-11-09",0.000743257598396709
"2022-11-10",-0.0035808204861283
"2022-11-11",0.0144177148256215
"2022-11-14",-0.00366769173993347
"2022-11-15",0.00363773605906616
"2022-11-16",0.000909622176536497
"2022-11-17",-0.0015173247561427
"2022-11-18",-0.00273196029927289
"2022-11-21",-0.00656266584064113
"2022-11-22",0.00557429124975391
"2022-11-23",-0.000625725786082489
"2022-11-24",0.0126327339906227
"2022-11-25",0.00108904012238079
"2022-11-28",0.000454850356087536
"2022-11-29",0.00510468131631425
"2022-11-30",0.00568610614884445
"2022-12-01",0.00360549718077623
"2022-12-02",-0.00824308637454083
"2022-12-05",-0.00106921087242518
"2022-12-06",-0.00355543492347208
"2022-12-07",-0.000914038504418975
"2022-12-08",0.000208533125640685
"2022-12-09",-0.00378128375639868
"2022-12-12",-0.00140228163774663
"2022-12-13",0.00655623535245645
"2022-12-14",0.000973658522576757
"2022-12-15",-0.012563365825859
"2022-12-16",-0.00827188620878785
"2022-12-19",0.008724058798792
"2022-12-20",-0.00335416838109454
"2022-12-21",-0.00922767999966694
"2022-12-22",-0.00246971708532468
"2022-12-23",-0.020120784451485
"2022-12-26",0.0102638058481517
"2022-12-27",0.00454378600787673
"2022-12-28",-0.00175466314120384
"2022-12-29",0.00474896895036475
"2022-12-30",-0.00707244708390408
"2023-01-02",0.00434612336023688
"2023-01-03",0.00107868080948254
"2023-01-04",-0.00801622497581036
"2023-01-05",0.00205668762842749
"2023-01-06",-0.0081586395685937
"2023-01-09",0.0151651031366785
"2023-01-10",-0.0126868724809978
"2023-01-11",-0.0010896795452687
"2023-01-12",-0.00053264379174379
"2023-01-13",0.00577201622479297
"2023-01-16",-0.00317660149123982
"2023-01-17",0.0112658009322276
"2023-01-18",0.00766131616765926
"2023-01-19",-0.00382567025944807
"2023-01-20",-0.00652325559034922
"2023-01-23",0.00618736571666715
"2023-01-24",0.00229612972420653
"2023-01-25",-0.0104383110658323
"2023-01-27",-0.021897639262832
"2023-01-30",0.000447281255410686
"2023-01-31",0.00212922925230231
"2023-02-01",-0.0114482685977382
"2023-02-02",0.00400401705704432
"2023-02-03",0.0171712965418377
"2023-02-06",0.00251057468422735
"2023-02-07",-0.0051810165610961
"2023-02-08",0.0111760565996523
"2023-02-09",-0.00159097408441104
"2023-02-10",-0.000953400418088279
"2023-02-13",-0.00586057681271258
"2023-02-14",0.00961026178120843
"2023-02-15",0.00314501142242704
"2023-02-16",0.000832245276282451
"2023-02-17",-0.00282012730757893
"2023-02-20",-0.00326671490419594
"2023-02-21",-0.00125334693333457
"2023-02-22",-0.0150539230436796
"2023-02-23",-0.00142891396783091
"2023-02-24",-0.00231693068425629
"2023-02-27",-0.00529394469367785
"2023-02-28",-0.00217158298373666
"2023-03-01",0.00784634918353508
"2023-03-02",-0.0050636160071557
"2023-03-03",0.0215843751645769
"2023-03-06",0.0055218522246177
"2023-03-08",0.00509940769235782
"2023-03-09",-0.00937838902315489
"2023-03-10",-0.00554335340177398
"2023-03-13",-0.0131608763388757
"2023-03-14",-0.00614897408725161
"2023-03-15",-0.00288923398531616
"2023-03-16",0.000711123366424991
"2023-03-17",0.00157761134816922
"2023-03-20",-0.00372290526493486
"2023-03-21",0.00218194337566571
"2023-03-22",0.00288674845182918
"2023-03-23",-0.000596023803471568
"2023-03-24",-0.00770782823147451
"2023-03-27",0.00234720842263525
"2023-03-28",-0.00743925292505868
"2023-03-29",0.0103930874432554
"2023-03-31",0.0127550430811256
"2023-04-03",0.000497773992532313
"2023-04-05",0.0129408923039202
"2023-04-06",0.00279451893050892
"2023-04-10",0.00196812881342015
"2023-04-11",0.00323711335517959
"2023-04-12",0.00306328533123339
"2023-04-13",-0.00307733369663301
"2023-04-17",-0.0107359706033353
"2023-04-18",-0.00217287359074711
"2023-04-19",-0.00353128163708706
"2023-04-20",0.00117437642581377
"2023-04-21",-0.000302998264365676
"2023-04-24",0.00267105104963665
"2023-04-25",0.00200759128643852
"2023-04-26",0.00218096299662854
"2023-04-27",0.0045244095496421
"2023-04-28",0.0119797322381243
"2023-05-02",0.0027035556954258
"2023-05-03",-0.0044214086580437
"2023-05-04",0.00737516199547143
"2023-05-05",-0.00259142650262941
"2023-05-08",0.00581815727412997
"2023-05-09",0.000527453013219196
"2023-05-10",0.00141027310873387
"2023-05-11",-0.000932200595736501
"2023-05-12",-0.000217438959737803
"2023-05-15",0.00355153353895739
"2023-05-16",-0.00633462284264822
"2023-05-17",-0.00374966366850912
"2023-05-18",-0.00610115703970266
"2023-05-19",0.0074375393614195
"2023-05-22",0.0113551465909861
"2023-05-23",0.000503719461691051
"2023-05-24",-0.00184220342387148
"2023-05-25",0.00378250602760059
"2023-05-26",0.0110843001094901
"2023-05-29",0.00289578531053074
"2023-05-30",0.00140997365851399
"2023-05-31",0.000247522566316077
"2023-06-01",-0.00304470980501212
"2023-06-02",0.00546387299575466
"2023-06-05",0.00309843121309037
"2023-06-06",-0.0010465758329343
"2023-06-07",0.0061312254534342
"2023-06-08",-0.00622079848963196
"2023-06-09",-0.00459643800244698
"2023-06-12",0.00175250144360169
"2023-06-13",0.00520747917720963
"2023-06-14",0.000616952791543529
"2023-06-15",-0.0018233032930551
"2023-06-16",0.00583866222649003
"2023-06-19",-0.0029716933472617
"2023-06-20",0.00119177234134751
"2023-06-21",0.00317084054422031
"2023-06-22",-0.00242008992819143
"2023-06-23",-0.00728304658401707
"2023-06-26",0.00153986073527647
"2023-06-27",0.00427449339962264
"2023-06-28",0.0130371468860603
"2023-06-30",0.0127849144571412
"2023-07-03",0.00236295217198594
"2023-07-04",0.00241243538910541
"2023-07-05",0.00530802916638799
"2023-07-06",0.000948773148703397
"2023-07-07",-0.0097215517058319
"2023-07-10",0.000968157593531888
"2023-07-11",0.0101534086095352
"2023-07-12",-0.00401742897529329
"2023-07-13",0.00081184448652218
"2023-07-14",0.0107294951649458
"2023-07-17",0.00429846881244296
"2023-07-18",0.00306582775284767
"2023-07-19",0.00218472688860696
"2023-07-20",0.00786201491531197
"2023-07-21",-0.012689528067823
"2023-07-24",-0.00380668606932661
"2023-07-25",-0.00104720779640199
"2023-07-26",0.009088551299318
"2023-07-27",-0.0011433091704439
"2023-07-28",7.43038955558495e-07
"2023-07-31",0.00721038395537779
"2023-08-01",-0.00259227734244003
"2023-08-02",-0.00694870747319833
"2023-08-03",-0.00446223403610201
"2023-08-04",0.0064199560983155
"2023-08-07",0.00773918536867773
"2023-08-08",-0.00341622758647153
"2023-08-09",0.00221789578247799
"2023-08-10",-0.00429160403211648
"2023-08-11",-0.00608692117850125
"2023-08-14",0.0023549389523166
"2023-08-16",0.0023600404157667
"2023-08-17",-0.00298112802319289
"2023-08-18",3.09155693078063e-06
"2023-08-21",0.00711465767241229
"2023-08-22",0.00125651403265372
"2023-08-23",-0.000746145308398884
"2023-08-24",-0.0023715181091734
"2023-08-25",-0.00776586491522383
"2023-08-28",0.00222362844223511
"2023-08-29",-0.000709628169338727
"2023-08-30",0.00186466165446413
"2023-08-31",-0.0045718474779299
"2023-09-01",0.0067355149437926
"2023-09-04",0.00237027018345025
"2023-09-05",0.00438973678076747
"2023-09-06",0.0032443167235634
"2023-09-07",0.00430250813506193
"2023-09-08",0.00550050747270059
"2023-09-11",0.0130780491135965
"2023-09-12",0.00293040861503428
"2023-09-13",0.00134715039588342
"2023-09-14",-0.000608759534246994
"2023-09-15",0.00330021237831663
"2023-09-18",-0.00483287345828126
"2023-09-20",-0.0101347295784459
"2023-09-21",-0.0028755953046333
"2023-09-22",-0.00221837255002583
"2023-09-25",-0.00294331835387587
"2023-09-26",-0.000769339210050994
"2023-09-27",0.00749968205605773
"2023-09-28",-0.00763259751331162
"2023-09-29",0.00474432919320735
"2023-10-03",-0.00556511707131954
"2023-10-04",-0.00311947683680466
"2023-10-05",0.00666766978183144
"2023-10-06",0.00415199098162919
"2023-10-09",-0.00748230455195377
"2023-10-10",0.010367359511266
"2023-10-11",0.00484354078603399
"2023-10-12",-0.00104365873849255
"2023-10-13",0.00034496584865093
"2023-10-16",-0.0037512663928029
"2023-10-17",0.00217697371625119
"2023-10-18",-0.00411733630571717
"2023-10-19",-0.00500008303315432
"2023-10-20",-0.00466394126551805
"2023-10-23",-0.0135357757036423
"2023-10-25",-0.00731291239682248
"2023-10-26",-0.0107620274310523
"2023-10-27",0.0087767165572637
"2023-10-30",0.00452572496128677
"2023-10-31",-0.00626691362086515
"2023-11-01",-0.00406335251809389
"2023-11-02",0.00894200933839569
"2023-11-03",0.00679489305577439
"2023-11-06",0.00798933787976561
"2023-11-07",-0.00126313874978469
"2023-11-08",0.00479096950263841
"2023-11-09",-0.00507869977857257
"2023-11-10",0.00152253382177495
"2023-11-13",-0.0002072550959664
"2023-11-15",0.0110096237628636
"2023-11-16",0.00449391614739531
"2023-11-17",0.00111897142150635
"2023-11-20",-0.00118477597897616
"2023-11-21",0.00285049709338097
"2023-11-22",0.00149397889816107
"2023-11-23",-0.000875721992793334
"2023-11-24",-0.00124366245953939
"2023-11-28",0.00465560545780203
"2023-11-29",0.00887291320318424
"2023-11-30",0.00131214638560643
"2023-12-01",0.00773881804424696
"2023-12-04",0.0203909519688402
"2023-12-05",0.0155905870412187
"2023-12-06",0.00641106884740156
"2023-12-07",-0.00373775520821472
"2023-12-08",0.000726411218400317
"2023-12-11",0.00148204007673532
"2023-12-12",-0.00597905041599002
"2023-12-13",0.00238076465659009
"2023-12-14",0.0111262210764933
"2023-12-15",0.01058144360048
"2023-12-18",0.000493612044949262
"2023-12-19",-0.00174085137613184
"2023-12-20",-0.0147574868312659
"2023-12-21",0.0033284708028952
"2023-12-22",0.00753344369832322
"2023-12-26",0.00191545187773085
"2023-12-27",0.00757773283020443
"2023-12-28",0.00316556822460601
"2023-12-29",-0.00133062117561373
"2024-01-01",0.00174339501810088
"2024-01-02",-0.000327064510646781
"2024-01-03",-0.00391953701745396
"2024-01-04",0.005774495997407
"2024-01-05",0.00657392151145567
"2024-01-08",-0.00673540678849829
"2024-01-09",0.005825815896267
"2024-01-10",0.00411747542974219
"2024-01-11",-0.00292999277026016
"2024-01-12",0.0152921129442067
"2024-01-15",0.00952263960223321
"2024-01-16",-0.00280297031673625
"2024-01-17",-0.0150533746094855
"2024-01-18",-0.0010636801444226
"2024-01-19",0.00901527809950464
"2024-01-23",-0.0129490669598713
"2024-01-24",0.00793605742124096
"2024-01-25",-0.00439176808999094
"2024-01-29",0.0155287991804931
"2024-01-30",-0.00947840580466548
"2024-01-31",0.00893283580812502
"2024-02-01",0.00110359302292917
"2024-02-02",0.00658569600346306
"2024-02-05",-0.00558819537068541
"2024-02-06",0.0125375774693072
"2024-02-07",-0.00301059689592355
"2024-02-08",-0.00807049111242145
"2024-02-09",0.00399837530916629
"2024-02-12",-0.00766664022677328
"2024-02-13",0.00665774937543857
"2024-02-14",-0.000223344098879937
"2024-02-15",-0.00158009538851638
"2024-02-16",0.0100258861567923
"2024-02-19",0.00543205457148215
"2024-02-20",0.000508121572359688
"2024-02-21",-0.00554681156514091
"2024-02-22",0.0103029463905202
"2024-02-23",-0.000923103372866357
"2024-02-26",-0.00154573637655984
"2024-02-27",0.00627907681507326
"2024-02-28",-0.00838697070756026
"2024-02-29",0.00169692975473534
"2024-03-01",0.0114573231784143
"2024-03-04",0.00189264866435065
"2024-03-05",-0.00123510381518948
"2024-03-06",0.0054374182716112
"2024-03-07",0.00177195910979252
"2024-03-11",-0.00725677255921846
"2024-03-12",0.00169016493734687
"2024-03-13",-0.0138359076186479
"2024-03-14",0.0114601463423957
"2024-03-15",-0.00179358305327671
"2024-03-18",-0.00103984766283641
"2024-03-19",-0.0131987132426524
"2024-03-20",0.00315064575043284
"2024-03-21",0.00443588426851572
"2024-03-22",0.00793696211560039
"2024-03-26",-0.00470936593611077
"2024-03-27",0.00754075204347747
"2024-03-28",0.00751382072543469
"2024-04-01",0.00615763391557495
"2024-04-02",-0.00231735959507495
"2024-04-03",-0.00142486154641229
"2024-04-04",0.00137305050505927
"2024-04-05",-0.00178268995987798
"2024-04-08",0.0049707717266572
"2024-04-09",0.000416951107704057
"2024-04-10",0.00336350224242827
"2024-04-12",-0.0137131783977095
"2024-04-15",-0.0104116560425818
"2024-04-16",-0.00567531667442036
"2024-04-18",-0.00215051942771718
"2024-04-19",0.0079682073555131
"2024-04-22",0.00853915804212724
"2024-04-23",0.00245475103866058
"2024-04-24",-0.00173423573686253
"2024-04-25",0.00627613687578863
"2024-04-26",-0.00629268012952456
"2024-04-29",0.00820854458202269
"2024-04-30",-0.00461161782437402
"2024-05-02",0.00160873742376283
"2024-05-03",-0.011129563159258
"2024-05-06",0.00127843711846117
"2024-05-07",0.00264277804101776
"2024-05-08",-0.000507286575620787
"2024-05-09",-0.0169193507783436
"2024-05-10",0.00703575648530116
"2024-05-13",0.00547383196977113
"2024-05-14",0.00476329906797961
"2024-05-15",-0.0016523977632454
"2024-05-16",0.00934165440522629
"2024-05-17",-0.00120016540361158
"2024-05-21",-0.00022985790370896
"2024-05-22",0.00573988060415132
"2024-05-23",0.0171257816099162
"2024-05-24",-0.00173731826767973
"2024-05-27",-0.000918088253051378
"2024-05-28",-0.00421242818520189
"2024-05-29",-0.00503868519225327
"2024-05-30",-0.00857569161169461
"2024-05-31",0.00300209451691649
"2024-06-03",0.0270672277995378
"2024-06-04",-0.0512543313994851
"2024-06-05",0.0332570807095028
"2024-06-06",0.00844625697928043
"2024-06-07",0.0192534244100322
"2024-06-10",-0.00345831635722891
"2024-06-11",0.000289043799623218
"2024-06-12",3.32714307765639e-05
"2024-06-13",0.00108741399952607
"2024-06-14",0.00280614674540643
"2024-06-18",0.00131568613768013
"2024-06-19",-0.00578491956889985
"2024-06-20",0.00186902204598223
"2024-06-21",2.56527148536264e-06
"2024-06-24",0.00117120887275202
"2024-06-25",0.00654330145618352
"2024-06-26",0.0103306459956963
"2024-06-27",0.00576627916930034
"2024-06-28",-0.00416869057277093
"2024-07-01",0.00671810128789581
"2024-07-02",0.00123582104191888
"2024-07-03",0.00546002779525713
"2024-07-04",0.00225950202449438
"2024-07-05",0.00244418429978747
"2024-07-08",0.00150915921939642
"2024-07-09",0.00988108588440963
"2024-07-10",-0.00171261329979554
"2024-07-11",-0.00145178822106821
"2024-07-12",0.0090867341784739
"2024-07-15",0.00178384032455026
"2024-07-16",0.00428872395267621
"2024-07-18",0.00962136277386824
"2024-07-19",-0.00573331642634163
"2024-07-22",0.000425150662070106
"2024-07-23",0.00448472414021595
"2024-07-24",-0.00407564362504872
"2024-07-25",0.00233446272827426
"2024-07-26",0.0193136491898021
"2024-07-29",0.00050966399119536
"2024-07-30",-0.00252877506516307
"2024-07-31",0.00689652875281425
"2024-08-01",0.00337761846613543
"2024-08-02",-0.011495565682213
"2024-08-05",-0.0258287714553737
"2024-08-06",-0.000474867833073757
"2024-08-07",0.0130252246628814
"2024-08-08",-0.00685038100087514
"2024-08-09",0.00776484229642678
"2024-08-12",-0.0013155515426707
"2024-08-13",-0.00573128845777336
"2024-08-14",0.00219196867686627
"2024-08-16",0.0136902688868935
"2024-08-19",0.000205235880429551
"2024-08-20",0.00212044721650564
"2024-08-21",0.00402098316338704
"2024-08-22",0.00138326693791322
"2024-08-23",0.00230348535951796
"2024-08-26",0.00398013689834472
"2024-08-27",0.00281915817568341
"2024-08-28",0.00209240619037661
"2024-08-29",0.00380254735540985
"2024-08-30",0.00301262405740962
"2024-09-02",0.00108678616441067
"2024-09-03",-0.00140380071218589
"2024-09-04",-0.00141483506348709
"2024-09-05",-0.00221673408031107
"2024-09-06",-0.0108481694039166
"2024-09-09",0.00534593620870827
"2024-09-10",0.00660835267917832
"2024-09-11",-0.00369940229972755
"2024-09-12",0.0187044239489636
"2024-09-13",-0.00538449128954319
"2024-09-16",-0.000451294873387196
"2024-09-17",0.00101269077994362
"2024-09-18",-0.00444479881049147
"2024-09-19",0.00130174622942668
"2024-09-20",0.0180043949341003
"2024-09-23",0.00446654750042636
"2024-09-24",-0.00129590543303711
"2024-09-25",0.00176544605982194
"2024-09-26",0.00930712733939877
"2024-09-27",-0.00220354139168621
"2024-09-30",-0.0138163809032087
"2024-10-01",-0.00114712668238366
"2024-10-03",-0.0204528555268188
"2024-10-04",-0.00751570102570929
"2024-10-07",-0.00530090804371758
"2024-10-08",0.00870235887819472
"2024-10-09",-0.00424215056060536
"2024-10-10",-0.00184284721211924
"2024-10-11",-0.00249468715187856
"2024-10-14",0.00598308378807441
"2024-10-15",-0.000181716349067088
"2024-10-16",-0.00345864254807112
"2024-10-17",-0.00482949159590424
"2024-10-18",0.00037795267726969
"2024-10-21",-0.00318331192941454
"2024-10-22",-0.00838561034843407
"2024-10-23",-0.00415038234792439
"2024-10-24",-0.00704757401753401
"2024-10-25",-0.00504292728282444
"2024-10-28",0.00928288290076806
"2024-10-29",-0.000683126484202101
"2024-10-30",0.000181533586676941
"2024-10-31",-0.0062403041647929
"2024-11-01",0.00361290560754719
"2024-11-04",-0.0138410206835823
"2024-11-05",0.00118423832679546
"2024-11-06",0.0165363925817772
"2024-11-07",-0.00953929480517537
"2024-11-08",0.00140589824548892
"2024-11-11",0.000145277320483815
"2024-11-12",-0.00748576695361718
"2024-11-13",-0.010687541912291
"2024-11-14",-0.00496115916119989
"2024-11-18",-0.00338157672895129
"2024-11-19",0.000595741557698463
"2024-11-21",-0.0153393891244215
"2024-11-22",0.0261217322560562
"2024-11-25",0.0129693782225506
"2024-11-26",-0.00289152810660457
"2024-11-27",0.0061741042355857
"2024-11-28",-0.0144881690311162
"2024-11-29",0.0141563530319293
"2024-12-02",0.0071124875816733
"2024-12-03",0.00810035300285705
"2024-12-04",-0.00372005088270236
"2024-12-05",0.0116387899816259
"2024-12-06",-0.00287672735768008
"2024-12-09",-0.00221467794940864
"2024-12-10",-0.00294425795349502
"2024-12-11",0.000295890650420821
"2024-12-12",-0.00322877983275306
"2024-12-13",0.0128817114166285
"2024-12-16",-0.00563824779056961
"2024-12-17",-0.0125253866494316
"2024-12-18",-0.00469181143744482
"2024-12-19",-0.00824051819458044
"2024-12-20",-0.0126244500651445
"2024-12-23",0.00588878751843451
"2024-12-24",-0.000992996721599406
"2024-12-26",0.00580264482943156
"2024-12-27",0.00211236597288459
"2024-12-30",-0.00550061597484614
"2024-12-31",-0.00045424971581091
"2025-01-01",0.00514939400872713
"2025-01-02",0.0160379813549146
"2025-01-03",-0.00957973269527264
"2025-01-06",-0.014800291796083
"2025-01-07",0.00313027371213685
"2025-01-08",0.00126046220359156
"2025-01-09",-0.00660926706359021
"2025-01-10",0.000366481886592172
"2025-01-13",-0.0120706856195074
"2025-01-14",0.00304789301417971
"2025-01-15",0.00464833243289656
"2025-01-16",0.00280269384116238
"2025-01-17",0.000374280537524178
"2025-01-20",-0.00135460198102587
"2025-01-21",-0.0133151667967637
"2025-01-22",0.00890026461244512
"2025-01-23",0.000966396728494764
"2025-01-24",-0.00129099833048818
"2025-01-27",-0.00890116956829782
"2025-01-28",-0.000697372341513069
"2025-01-29",0.00539699721317314
"2025-01-30",0.002854699731022
"2025-01-31",0.0132980445921877
"2025-02-01",0.00167513663877241
"2025-02-03",-0.00611248095613755
"2025-02-04",0.0164975448818279
"2025-02-05",-0.00367421816398911
"2025-02-06",-0.00193754836413447
"2025-02-07",-0.00489887783303577
"2025-02-10",-0.00428176697221618
"2025-02-11",-0.0127249599571869
"2025-02-12",-0.00117617622460353
"2025-02-13",-0.00194368303671136
"2025-02-14",-0.00453020625942922
"2025-02-17",0.000202234862059827
"2025-02-18",-0.00300047236434053
"2025-02-19",-0.00539391941521207
"2025-02-20",-0.00259675633995537
"2025-02-21",-0.00539687885100322
"2025-02-24",-0.0116634438116788
"2025-02-25",0.00195190433372694
"2025-02-27",0.000295366591631615
"2025-02-28",-0.0218243221297852
"2025-03-03",-0.00271677317943281
"2025-03-04",-0.00368903348157223
"2025-03-05",0.0126600784313671
"2025-03-06",0.0108592387604671
"2025-03-07",0.000451979808512952
"2025-03-10",-0.000968121062336671
"2025-03-11",0.00364334282011403
"2025-03-12",-0.00347860922939151
"2025-03-13",-0.00357803715022532
"2025-03-17",0.00273522646364048
"2025-03-18",0.000234902824312451
"2025-03-19",0.0129877726058301
"2025-03-20",0.0143021635722035
"2025-03-21",0.00660264292766482
"2025-03-24",0.0101462043104749
"2025-03-25",-0.000403808562191928
"2025-03-26",-0.00686852635989349
"2025-03-27",0.00258717941740381
"2025-03-28",-0.00351818834574005
"2025-04-01",-0.0156333565325741
"2025-04-02",0.00884193661258716
"2025-04-03",-0.00379173533825083
"2025-04-04",-0.0184358485052896
"2025-04-07",-0.0263157835157843
"2025-04-08",0.015510877124152
"2025-04-09",-0.00440012323175348
"2025-04-11",0.0155106503195461
"2025-04-15",0.0193956993689709
"2025-04-16",0.00173448291421843
"2025-04-17",0.0170261872560482
"2025-04-21",0.00273494073917468
"2025-04-22",0.00104533667555244
"2025-04-23",0.0113304693698813
"2025-04-24",-0.0066654899090325
"2025-04-25",-0.00581165840688734
"2025-04-28",0.012284941408582
"2025-04-29",0.00132499832960663
"2025-04-30",0.0077464377764207
"2025-05-02",0.00361023224824613
"2025-05-05",0.0115950974056512
"2025-05-06",0.000571923473243965
"2025-05-07",-0.0026034376828074
"2025-05-08",-0.00453575579567912
"2025-05-09",-0.0105628124610407
"2025-05-12",0.0329486525747066
"2025-05-13",-0.0138373296142632
"2025-05-14",0.00427765417785742
"2025-05-15",0.0149112863016256
"2025-05-16",-0.00234972171689744
"2025-05-19",-0.0043100482724394
"2025-05-20",-0.00989294749676262
"2025-05-21",0.00482915905965541
"2025-05-22",-0.0093842391937892
"2025-05-23",0.00787679546943035
"2025-05-26",0.00678537007746724
"2025-05-27",-0.0055867557554879
"2025-05-28",-0.00224394274172086
"2025-05-29",0.00549147775135065
"2025-05-30",-0.0031342527602015
"2025-06-02",0.00128419896083704
"2025-06-03",-0.00840443306030479
"2025-06-04",0.0038742297651872
"2025-06-05",0.00598503375084906
"2025-06-06",0.00618494871913814
"2025-06-09",0.00277245652946351
"2025-06-10",0.000210284400666857
"2025-06-11",0.000579090444708571
"2025-06-12",-0.00937616666676104
"2025-06-13",-0.00675806768019426
"2025-06-16",0.00785289456963109
"2025-06-17",-0.00192079900331169
"2025-06-18",-0.00404687251126326
"2025-06-19",-0.0021162941232823
"2025-06-20",0.0106579231649182
"2025-06-23",-0.00802688622805455
"2025-06-24",0.00176362166961337
"2025-06-25",0.009304541563322
"2025-06-26",0.00978678500389277
"2025-06-27",0.00530524419504164
"2025-06-30",-0.0055366594518613
"2025-07-01",0.000446587335393572
"2025-07-02",-0.00129602795379058
"2025-07-03",-0.000601729563359549
"2025-07-04",0.00290534886101243
"2025-07-07",0.00331455256888035
"2025-07-08",0.000903235396834567
"2025-07-09",-0.00160206891704559
"2025-07-10",-0.00427936215010974
"2025-07-11",-0.00565499502223981
"2025-07-14",-0.0034645395144755
"2025-07-15",0.00713806377918143
"2025-07-16",0.000850278829860459
"2025-07-17",-0.00532811556005752
"2025-07-18",-0.00429556431396706
"2025-07-21",0.000767625735442923
"2025-07-22",-0.00402944881127663
"2025-07-23",0.00500390365108703
"2025-07-24",-0.00642660046232875
"2025-07-25",-0.0067112979912634
"2025-07-28",-0.0039576119559156
"2025-07-29",0.00705418356430322
"2025-07-30",0.0057306529477339
"2025-07-31",-0.00285489245409817
"2025-08-01",-0.0106172144284834
"2025-08-04",0.00807928533927452
"2025-08-05",-0.00502730502901297
"2025-08-06",-0.00432601926319244
"2025-08-07",-0.000266025885142934
"2025-08-08",-0.00967477635200909
"2025-08-11",0.00706165774357955
"2025-08-12",-0.00141206736446373
"2025-08-13",0.00172390905617224
"2025-08-14",-9.68500271290954e-05
"2025-08-18",0.0107816623703168
"2025-08-19",0.00771822567346175
"2025-08-20",0.00669339875744331
"2025-08-21",0.0017631033594556
"2025-08-22",-0.00745661065652063
"2025-08-25",0.00649124554928969
"2025-08-26",-0.00569449505331566
"2025-08-28",-0.00841168343682872
"2025-08-29",-0.000453640658355968
"2025-09-01",0.00262334582787694
"2025-09-02",-0.00099622356662322
"2025-09-03",0.00201099111508814
"2025-09-04",-0.0016595690422296
"2025-09-05",-0.00281234587949056
"2025-09-08",0.000841160342797483
"2025-09-09",0.0092441437743326
"2025-09-10",0.00368566399202776
"2025-09-11",0.0010003377023649
"2025-09-12",0.00328006106092886
"2025-09-15",-0.00210251207369078
"2025-09-16",0.00794990310091663
"2025-09-17",0.00261215690109697
"2025-09-18",0.00517042714838655
"2025-09-19",-0.00153924097222421
"2025-09-22",-0.00718299732198024
"2025-09-23",-0.0036532833688658
"2025-09-24",-0.00204345850500456
"2025-09-25",-0.00617570191131867
"2025-09-26",-0.00634212583583354
"2025-09-29",-0.00452577906260717
"2025-09-30",-0.00130354748040937
"2025-10-01",0.0083336554635888
"2025-10-03",0.000397650954582089
"2025-10-06",0.0061490166121594
"2025-10-07",0.00113492240468614
"2025-10-08",3.81874874671081e-05
"2025-10-09",0.00534482788129012
"2025-10-10",0.00433058774623127
"2025-10-13",-0.00231139023815008
"2025-10-14",-0.00376310018400112
"2025-10-15",0.0056428828019587
"2025-10-16",0.00928110393829677
"2025-10-17",0.00671358402412464
"2025-10-20",0.00505735853285942
"2025-10-21",0.000429758110398637
"2025-10-23",0.00199763776088723
"2025-10-24",-0.00406356288498454
"2025-10-27",0.00618935604361074
"2025-10-28",-0.00209945287524704
"2025-10-29",0.00558754854751819
"2025-10-30",-0.00568499195859546
"2025-10-31",-0.00256648982491705
"2025-11-03",-0.0045951401433534
"2025-11-04",-0.00697192554635713
"2025-11-06",-0.00173748562547718
"2025-11-07",-0.00316796794604307
"2025-11-10",0.00649193017363752
"2025-11-11",0.00855088434627601
"2025-11-12",0.00843664816693352
"2025-11-13",0.00114162966410913
"2025-11-14",0.000770489337800763
"2025-11-17",0.00278705769477522
"2025-11-18",-0.00296197619461012
"2025-11-19",0.00685229862407195
"2025-11-20",0.00302115363751805
"2025-11-21",-0.000233786546310871
"2025-11-24",-0.00219499906749857
"2025-11-25",-0.00429108353058337
"2025-11-26",0.011216658065021
"2025-11-27",0.00131072865906834
"2025-11-28",0.000648252821983377
"2025-12-01",-0.000142398640879976
"2025-12-02",-0.00403835962336534
"2025-12-03",-0.000537769100868178
"2025-12-04",0.00370306145086617
"2025-12-05",0.000997047684754097
"2025-12-08",-0.00605577892249481
"2025-12-09",-0.0046625217428209
"2025-12-10",-0.00242142700779165
"2025-12-11",0.00419636635390903
"2025-12-12",0.00414144324611034
"2025-12-15",0.000749926650384619
"2025-12-16",-0.00386078356608294
"2025-12-17",-0.00109825291523847
"2025-12-18",-0.000698967835039319
"2025-12-19",0.00428177864239494
"2025-12-22",0.0110155014343081
"2025-12-23",-0.00286318800329561
"2025-12-24",-0.00205890673135156
"2025-12-26",-0.00530154201476069
"2025-12-29",-0.00586200425642167
"2025-12-30",-0.000179872917426743
"2025-12-31",0.00337440294297256
"2026-01-01",-0.0044639804327924
"2026-01-02",0.00408999229997115
"2026-01-05",-0.00228898856829033
"2026-01-06",-0.000709860142672066
"2026-01-07",-0.00132921595874071
"2026-01-08",-0.0108357176820564
"2026-01-09",-0.00904694460360593
"2026-01-12",0.00387244661478372
"2026-01-13",-0.00628056331570003
"2026-01-14",-0.0082211013410284
"2026-01-15",0
"2026-01-16",0.00145806344455196
"2026-01-19",-0.00233757946934297
"2026-01-20",-0.0153499742308649
"2026-01-21",-0.00333233051807529
"2026-01-22",0.00561576240409997
"2026-01-23",-0.0101107080419174
"2026-01-27",0.00386090802690743
"2026-01-28",-0.000765620735127981
"2026-01-29",-3.99606491296445e-05
"2026-01-30",-0.000826148485383908
"2026-02-02",-0.00326280612193002
"2026-02-03",0.0282005024565256
"2026-02-04",-0.00221716982050973
"2026-02-05",-0.00572872314467041
"2026-02-06",0.00507603236359263
"2026-02-09",0.00081858239279516
"2026-02-10",0.00207828388708209
"2026-02-11",-0.00232899667672402
"2026-02-12",-0.0121289135900016
"2026-02-13",-0.0147571865362301
"2026-02-16",0.00658207433779043
"2026-02-17",0.00667019384517378
"2026-02-18",0.00188766129679245
"2026-02-19",-0.0139525805908267
"2026-02-20",0.00366402737229585
"2026-02-23",0.00559134099124016
"2026-02-24",-0.0146801291935138
"2026-02-25",0.00179267222294178
"2026-02-26",0.00383852704647672
"2026-02-27",-0.013881839352938
"2026-03-02",-0.0140344132886365
"2026-03-04",-0.010651239402053
"2026-03-05",0.0127039162835735
"2026-03-06",-0.0112502106851179
"2026-03-09",-0.0144808074759807
"2026-03-10",0.00375964750910505
"2026-03-11",-0.0128225787802866
"2026-03-12",-0.01254187090162
"2026-03-13",-0.0167542990851287
"2026-03-16",0.00798272098815683
"2026-03-17",0.0032939627086291
"2026-03-18",0.00814625399233197
"2026-03-19",-0.0306731542277858
"2026-03-20",0.00702805253610593
"2026-03-23",-0.0206041136047169
"2026-03-24",0.0157390137779824
"2026-03-25",0.0153849805653426
"2026-03-27",-0.0171831352983441
"2026-03-30",-0.0179438361188147
"2026-04-01",0.0152867013681921
"2026-04-02",0.00266422755031475
"2026-04-06",0.00675199247664667
"2026-04-07",0.0105940101264946
"2026-04-08",0.0325234209249534
"2026-04-09",-0.00769578369118783
"2026-04-10",0.00306122058878051
"2026-04-13",-0.0118955958614284
"2026-04-15",0.0181553889104656
"2026-04-16",0.00198814569961323
"2026-04-17",0.00785186469079469
"2026-04-20",-0.00231794514988094
"2026-04-21",0.00997030644849554
"2026-04-22",-0.00917653085638714
"2026-04-23",-0.00508691754495166
"2026-04-24",-0.0211755112278105
"2026-04-27",0.0159859253503975
"2026-04-28",-0.00356841996409481
"2026-04-29",0.0156354090093378
"2026-04-30",-0.00343173457937119
"2026-05-01",0
"2026-05-04",0.0077972297344197
"2026-05-05",-0.00451647851078303
"2026-05-06",0.00660539273716959
"2026-05-07",-0.0053481519671638
"2026-05-08",-2.25855231648272e-05
"2026-05-11",-0.00853297741093957
"2026-05-12",-0.0222353306711823
"2026-05-13",0.00213987802611859
"2026-05-14",0.00830297736542508
"2026-05-15",0.00502492957408893
"2026-05-18",0.00372742068939948
"2026-05-19",-0.000920657209368819
"2026-05-20",2.58348814236124e-05
"2026-05-21",-0.00114680152620239
"2026-05-22",-0.00136374858857125
"2026-05-25",0.0096437948092036
"2026-05-26",-0.00418315219888751
"2026-05-27",-0.00190694346317364
"2026-05-28",0
"2026-05-29",-0.0132899997406927
"2026-06-01",-0.0061974257261371
"2026-06-02",0.0125973421765349
"2026-06-03",-0.0115070111270638
"2026-06-04",-0.00215384656152984
"2026-06-05",0.000293881222068693
"2026-06-08",-0.00920658205642726
"2026-06-09",0.00429758395928554
"2026-06-10",0.00245331618139035
"2026-06-11",-0.0047660743679136
"2026-06-12",0.0194679380304634
"2026-06-15",0.00796624782935404
"2026-06-16",0.00819046677316561
"2026-06-17",0.00451409180851317
"2026-06-18",-0.00115656532923242
"2026-06-19",-0.00891617416421597
"2026-06-22",0.00364898743126511
"2026-06-23",-0.0117845068952865
"2026-06-24",0.00805283119346598
"2026-06-25",0.00153391907903853
"2026-06-26",0
"2026-06-29",-0.0055620382271563
"2026-06-30",-0.00373278824578663
"2026-07-01",0.00461921761582534
"2026-07-02",0.011203303151124
"2026-07-03",0.00454933987491115
"2026-07-06",0.00413332885193907
"2026-07-07",0.000655658128997612
"2026-07-08",-0.0224712028761928
"2026-07-09",0.00305038549910752
"2026-07-10",0.00886428784060631
"2026-07-13",0.0013794255775042
"2026-07-14",-0.00283246593054577
"2026-07-15",-0.00120922237978686
"2026-07-16",0.00203955425733139
"2026-07-17",0.0107010128902347
"2026-07-20",-0.00306969852359318
"2026-07-21",-0.00394738833154003
"2026-07-22",-0.00783100616694835
"2026-07-23",-0.00429652134241511
"2026-07-24",-0.00163892884591127
"2026-07-27",0.0110034662861468
"2026-07-28",-0.0013523351218301
"2026-07-29",0.0153770136014053
"2026-07-30",-0.000135905311736823
"2026-07-31",-0.00298661422294433
"2026-08-03",0.0144761910258163
"2026-08-04",-0.00601711106882745
"2026-08-05",-0.00339467267134686
"2026-08-06",-0.000865278174128616
"2026-08-07",0.00303567976475933
"2026-08-10",-0.00205684538830238
"2026-08-11",-0.00473884114754219
"2026-08-12",-0.00459888903215972
"2026-08-13",0.000154552050488838
"2026-08-14",0.00239774280959029
"2026-08-17",-0.00899303027472202
"2026-08-18",-0.00834776243657059
"2026-08-19",-0.00235919894927909
"2026-08-20",0.00740717878752591
"2026-08-21",-0.00178530461924913
"2026-08-24",-0.000945804424763802
"2026-08-25",0.00601228443903605
"2026-08-26",-0.0100377281056495
"2026-08-27",-0.00452193347275515
"2026-08-28",0.00547387442198655
